,Date,W1,W2,W3,W4,W5,PB
0,2015-04-18,13,22,23,29,31,17
1,2015-04-15,01,16,21,29,40,30
2,2015-04-11,01,12,32,42,58,12
3,2015-04-08,01,19,45,46,58,29
4,2015-04-04,33,39,40,41,54,28
5,2015-04-01,02,30,33,39,44,01
6,2015-03-28,02,04,06,12,38,17
7,2015-03-25,07,19,23,50,54,14
8,2015-03-21,11,16,30,38,42,07
9,2015-03-18,14,25,30,33,47,08
10,2015-03-14,08,14,39,46,47,18
11,2015-03-11,11,24,31,40,44,27
12,2015-03-07,34,36,38,42,50,33
13,2015-03-04,08,12,15,35,50,32
14,2015-02-28,11,17,25,28,46,12
15,2015-02-25,17,19,21,32,39,08
16,2015-02-21,10,14,18,34,51,26
17,2015-02-18,01,09,29,32,49,22
18,2015-02-14,01,24,44,45,51,28
19,2015-02-11,11,13,25,39,54,19
20,2015-02-07,05,10,21,34,58,33
21,2015-02-04,24,36,51,52,56,22
22,2015-01-31,05,11,16,26,50,34
23,2015-01-28,12,24,35,36,49,01
24,2015-01-24,16,19,20,29,33,10
25,2015-01-21,11,12,15,28,57,23
26,2015-01-17,15,16,23,27,36,09
27,2015-01-14,02,04,10,41,53,22
28,2015-01-10,02,09,19,28,29,19
29,2015-01-07,14,15,47,49,59,10
30,2015-01-03,04,18,43,46,55,25
31,2014-12-31,17,27,37,40,53,35
32,2014-12-27,07,10,11,14,36,15
33,2014-12-24,11,12,46,47,50,22
34,2014-12-20,14,15,19,31,56,05
35,2014-12-17,22,31,38,47,48,15
36,2014-12-13,05,13,28,43,55,33
37,2014-12-10,34,44,48,54,55,10
38,2014-12-06,12,15,22,43,49,14
39,2014-12-03,25,30,32,46,54,26
40,2014-11-29,13,24,30,42,48,27
41,2014-11-26,16,17,22,46,54,35
42,2014-11-22,23,49,53,54,57,35
43,2014-11-19,06,36,38,48,51,17
44,2014-11-15,13,16,33,35,51,28
45,2014-11-12,37,39,51,52,55,11
46,2014-11-08,09,19,33,38,54,15
47,2014-11-05,02,11,19,21,42,34
48,2014-11-01,01,03,13,25,38,17
49,2014-10-29,25,28,48,57,59,16
50,2014-10-25,06,10,51,54,57,12
51,2014-10-22,29,30,40,42,50,16
52,2014-10-18,20,26,27,36,54,19
53,2014-10-15,05,07,19,27,28,20
54,2014-10-11,10,19,37,38,39,28
55,2014-10-08,05,16,31,46,50,18
56,2014-10-04,13,18,24,25,33,31
57,2014-10-01,01,04,18,20,45,07
58,2014-09-27,02,11,35,52,54,13
59,2014-09-24,07,14,21,24,41,26
60,2014-09-20,22,23,30,37,39,16
61,2014-09-17,18,25,36,48,50,23
62,2014-09-13,01,06,16,37,53,27
63,2014-09-10,02,14,39,40,43,13
64,2014-09-06,09,29,31,43,50,18
65,2014-09-03,02,16,43,45,51,35
66,2014-08-30,05,28,31,52,59,27
67,2014-08-27,17,24,26,45,46,19
68,2014-08-23,28,32,35,36,52,31
69,2014-08-20,04,08,21,38,40,03
70,2014-08-16,07,08,17,48,59,09
71,2014-08-13,08,37,39,40,52,24
72,2014-08-09,03,12,31,34,51,24
73,2014-08-06,01,08,24,28,49,24
74,2014-08-02,12,26,44,46,47,29
75,2014-07-30,13,30,42,49,53,29
76,2014-07-26,24,28,30,38,39,16
77,2014-07-23,04,10,12,22,31,03
78,2014-07-19,10,17,25,45,53,09
79,2014-07-16,05,15,18,26,32,35
80,2014-07-12,02,03,07,23,51,26
81,2014-07-09,09,25,42,55,57,14
82,2014-07-05,24,34,36,57,58,11
83,2014-07-02,08,18,45,53,58,35
84,2014-06-28,08,12,34,43,56,09
85,2014-06-25,10,20,25,50,53,35
86,2014-06-21,05,06,37,41,54,26
87,2014-06-18,06,09,29,52,59,07
88,2014-06-14,09,33,42,45,54,30
89,2014-06-11,14,18,25,33,49,23
90,2014-06-07,28,30,35,58,59,15
91,2014-06-04,01,07,10,22,49,24
92,2014-05-31,15,27,31,34,48,01
93,2014-05-28,02,24,28,32,59,25
94,2014-05-24,15,16,28,49,55,18
95,2014-05-21,04,20,34,39,58,31
96,2014-05-17,23,32,39,47,49,22
97,2014-05-14,07,33,39,52,55,33
98,2014-05-10,04,31,41,47,55,01
99,2014-05-07,17,29,31,48,49,34
100,2014-05-03,05,15,16,46,49,26
101,2014-04-30,02,09,11,19,50,32
102,2014-04-26,03,07,22,30,33,20
103,2014-04-23,19,25,29,36,48,12
104,2014-04-19,05,06,29,35,51,21
105,2014-04-16,34,39,42,44,59,08
106,2014-04-12,14,26,45,54,55,20
107,2014-04-09,09,14,44,48,49,29
108,2014-04-05,11,21,26,33,34,29
109,2014-04-02,08,13,19,22,53,24
110,2014-03-29,02,03,12,27,38,17
111,2014-03-26,28,33,41,44,59,21
112,2014-03-22,13,28,31,55,58,15
113,2014-03-19,02,19,23,34,43,14
114,2014-03-15,02,05,34,51,58,09
115,2014-03-12,14,15,28,37,54,10
116,2014-03-08,10,14,24,32,41,30
117,2014-03-05,03,07,09,26,54,19
118,2014-03-01,03,08,25,30,47,13
119,2014-02-26,11,12,17,38,42,02
120,2014-02-22,02,03,13,14,54,04
121,2014-02-19,01,17,35,49,54,34
122,2014-02-15,02,09,14,21,23,03
123,2014-02-12,36,44,49,52,57,01
124,2014-02-08,24,25,34,37,54,29
125,2014-02-05,08,17,32,57,59,24
126,2014-02-01,05,12,15,27,38,07
127,2014-01-29,11,23,28,32,47,20
128,2014-01-25,08,12,18,55,57,02
129,2014-01-22,01,02,07,09,55,29
130,2014-01-18,13,14,19,31,38,25
131,2014-01-15,07,08,09,24,29,25
132,2014-01-11,10,15,33,48,54,34
133,2014-01-08,10,28,39,47,58,22
134,2014-01-04,19,20,37,41,58,14
135,2014-01-01,15,24,40,48,52,23
136,2013-12-28,08,35,44,51,56,18
137,2013-12-25,23,28,38,39,56,32
138,2013-12-21,25,36,40,45,51,08
139,2013-12-18,07,24,37,39,40,01
140,2013-12-14,14,25,32,33,41,34
141,2013-12-11,01,10,13,18,19,27
142,2013-12-07,13,20,32,45,48,17
143,2013-12-04,06,09,11,31,44,25
144,2013-11-30,05,26,44,45,57,29
145,2013-11-27,18,25,50,55,57,17
146,2013-11-23,05,12,43,52,55,10
147,2013-11-20,04,18,23,32,45,07
148,2013-11-16,10,29,37,44,59,10
149,2013-11-13,05,31,50,55,56,09
150,2013-11-09,03,09,37,49,56,32
151,2013-11-06,01,05,10,15,49,22
152,2013-11-02,13,23,24,27,40,17
153,2013-10-30,02,36,40,49,54,10
154,2013-10-26,04,06,34,49,56,29
155,2013-10-23,03,23,31,34,47,13
156,2013-10-19,09,33,54,56,57,05
157,2013-10-16,03,26,28,34,42,28
158,2013-10-12,08,10,26,57,58,04
159,2013-10-09,03,09,19,33,38,18
160,2013-10-05,11,12,17,39,40,05
161,2013-10-02,04,06,25,42,51,17
162,2013-09-28,14,47,52,53,54,05
163,2013-09-25,02,07,17,49,53,23
164,2013-09-21,12,17,45,54,58,13
165,2013-09-18,07,10,22,32,35,19
166,2013-09-14,01,17,25,37,44,20
167,2013-09-11,11,19,33,42,52,33
168,2013-09-07,02,19,22,26,45,24
169,2013-09-04,02,09,26,45,47,11
170,2013-08-31,02,07,25,40,56,20
171,2013-08-28,06,07,09,19,32,13
172,2013-08-24,12,17,25,45,59,19
173,2013-08-21,30,40,42,46,48,23
174,2013-08-17,18,21,46,54,56,23
175,2013-08-14,04,11,17,43,51,20
176,2013-08-10,04,12,14,37,58,13
177,2013-08-07,05,25,30,58,59,32
178,2013-08-03,21,24,36,42,45,15
179,2013-07-31,08,24,39,49,59,05
180,2013-07-27,09,23,40,53,58,06
181,2013-07-24,09,29,40,44,54,07
182,2013-07-20,14,25,27,38,58,06
183,2013-07-17,01,22,34,38,42,17
184,2013-07-13,02,08,22,35,37,06
185,2013-07-10,30,31,45,55,59,27
186,2013-07-06,02,13,35,36,52,11
187,2013-07-03,03,06,29,40,51,04
188,2013-06-29,08,28,30,53,56,16
189,2013-06-26,01,18,33,39,46,33
190,2013-06-22,13,19,23,33,57,28
191,2013-06-19,07,46,47,52,57,17
192,2013-06-15,28,36,40,48,55,01
193,2013-06-12,16,22,23,42,55,32
194,2013-06-08,02,11,22,26,32,19
195,2013-06-05,04,26,33,36,55,32
196,2013-06-01,22,28,33,53,59,14
197,2013-05-29,09,14,17,49,57,02
198,2013-05-25,02,06,19,21,27,25
199,2013-05-22,09,31,35,41,57,26
200,2013-05-18,10,13,14,22,52,11
201,2013-05-15,02,11,26,34,41,32
202,2013-05-11,06,13,19,23,43,16
203,2013-05-08,21,22,26,30,57,27
204,2013-05-04,07,12,26,36,40,17
205,2013-05-01,22,26,31,54,55,18
206,2013-04-27,03,23,48,54,55,05
207,2013-04-24,09,19,31,56,59,02
208,2013-04-20,06,08,30,39,48,20
209,2013-04-17,13,18,36,48,58,28
210,2013-04-13,10,12,31,56,57,33
211,2013-04-10,01,36,40,52,53,20
212,2013-04-06,04,07,08,29,39,24
213,2013-04-03,01,06,08,12,35,03
214,2013-03-30,11,23,26,46,55,27
215,2013-03-27,07,37,43,48,52,16
216,2013-03-23,17,29,31,52,53,31
217,2013-03-20,13,14,17,43,54,15
218,2013-03-16,03,07,21,44,53,16
219,2013-03-13,05,09,28,32,38,29
220,2013-03-09,10,37,40,46,52,12
221,2013-03-06,06,10,23,41,45,01
222,2013-03-02,03,08,13,41,56,16
223,2013-02-27,03,14,20,34,48,21
224,2013-02-23,02,05,31,39,41,29
225,2013-02-20,03,17,19,25,32,17
226,2013-02-16,15,16,46,50,58,29
227,2013-02-13,12,23,25,27,43,29
228,2013-02-09,05,06,16,36,58,03
229,2013-02-06,05,27,36,38,41,12
230,2013-02-02,11,16,33,40,41,34
231,2013-01-30,14,16,32,47,52,16
232,2013-01-26,03,22,26,41,49,18
233,2013-01-23,11,12,24,43,45,09
234,2013-01-19,08,28,29,34,38,35
235,2013-01-16,09,21,28,32,51,35
236,2013-01-12,10,14,21,23,47,07
237,2013-01-09,11,13,20,27,59,26
238,2013-01-05,26,30,49,51,54,25
239,2013-01-02,18,20,28,35,53,20
240,2012-12-29,36,46,50,52,55,14
241,2012-12-26,11,13,23,43,54,04
242,2012-12-22,01,18,35,39,44,11
243,2012-12-19,05,08,20,23,30,03
244,2012-12-15,15,23,40,44,55,14
245,2012-12-12,08,10,25,36,44,28
246,2012-12-08,07,23,26,40,53,21
247,2012-12-05,13,17,19,27,38,12
248,2012-12-01,03,10,19,36,46,03
249,2012-11-28,05,16,22,23,29,06
250,2012-11-24,22,32,37,44,50,34
251,2012-11-21,08,18,24,30,39,26
252,2012-11-17,03,15,27,58,59,20
253,2012-11-14,08,10,30,44,58,13
254,2012-11-10,32,42,50,54,55,32
255,2012-11-07,32,34,45,52,58,20
256,2012-11-03,04,07,09,30,54,25
257,2012-10-31,01,27,31,45,48,05
258,2012-10-27,22,32,34,36,56,33
259,2012-10-24,03,18,21,23,50,04
260,2012-10-20,04,21,28,31,44,10
261,2012-10-17,01,07,10,23,42,35
262,2012-10-13,02,05,25,26,49,18
263,2012-10-10,18,26,29,35,43,28
264,2012-10-06,15,26,34,36,59,35
265,2012-10-03,17,23,36,55,59,10
266,2012-09-29,14,18,28,29,57,08
267,2012-09-26,13,26,39,41,42,10
268,2012-09-22,02,16,18,40,42,33
269,2012-09-19,01,05,08,39,50,23
270,2012-09-15,03,20,26,43,48,01
271,2012-09-12,24,33,36,48,56,06
272,2012-09-08,06,20,34,44,48,29
273,2012-09-05,04,19,26,42,51,29
274,2012-09-01,08,11,21,44,49,22
275,2012-08-29,25,28,49,54,56,28
276,2012-08-25,01,06,07,20,49,23
277,2012-08-22,22,29,31,47,55,19
278,2012-08-18,14,26,41,55,59,01
279,2012-08-15,06,27,46,51,56,21
280,2012-08-11,04,13,39,46,51,01
281,2012-08-08,03,07,11,15,28,12
282,2012-08-04,19,30,48,53,55,18
283,2012-08-01,03,16,48,56,58,04
284,2012-07-28,05,06,13,36,50,13
285,2012-07-25,03,14,35,38,46,16
286,2012-07-21,09,31,38,54,56,20
287,2012-07-18,02,05,20,23,57,03
288,2012-07-14,04,16,32,37,46,13
289,2012-07-11,05,22,36,49,55,23
290,2012-07-07,03,05,29,39,59,29
291,2012-07-04,14,19,35,39,56,33
292,2012-06-30,07,15,20,41,44,22
293,2012-06-27,06,34,40,46,58,06
294,2012-06-23,01,03,41,44,53,30
295,2012-06-20,11,17,29,56,57,14
296,2012-06-16,08,14,15,16,27,26
297,2012-06-13,07,10,14,33,57,18
298,2012-06-09,18,22,45,56,57,27
299,2012-06-06,19,30,33,48,59,27
300,2012-06-02,09,10,17,29,45,33
301,2012-05-30,09,10,24,52,56,14
302,2012-05-26,13,14,41,49,59,14
303,2012-05-23,04,07,26,53,59,32
304,2012-05-19,08,13,35,46,51,30
305,2012-05-16,03,07,21,28,43,02
306,2012-05-12,10,24,35,53,58,22
307,2012-05-09,01,07,11,55,56,01
308,2012-05-05,09,12,20,44,59,23
309,2012-05-02,07,08,33,38,50,29
310,2012-04-28,31,39,40,57,58,33
311,2012-04-25,04,25,29,34,43,29
312,2012-04-21,06,08,20,42,51,16
313,2012-04-18,20,22,39,46,49,29
314,2012-04-14,14,15,16,19,24,02
315,2012-04-11,16,23,42,44,47,02
316,2012-04-07,05,13,17,20,30,18
317,2012-04-04,01,24,33,45,49,06
318,2012-03-31,05,14,36,54,58,27
319,2012-03-28,11,16,29,50,58,33
320,2012-03-24,01,15,35,37,47,08
321,2012-03-21,32,43,53,55,56,06
322,2012-03-17,11,14,49,55,58,30
323,2012-03-14,01,08,41,46,59,24
324,2012-03-10,05,14,17,20,41,05
325,2012-03-07,12,35,45,46,47,12
326,2012-03-03,29,30,45,47,49,35
327,2012-02-29,01,04,11,23,26,14
328,2012-02-25,06,11,42,53,54,07
329,2012-02-22,07,16,17,39,51,32
330,2012-02-18,23,28,50,56,59,05
331,2012-02-15,11,12,32,52,56,11
332,2012-02-11,01,10,37,52,57,11
333,2012-02-08,17,28,38,39,51,33
334,2012-02-04,15,23,43,45,56,07
335,2012-02-01,08,13,17,34,59,35
336,2012-01-28,05,33,41,54,59,13
337,2012-01-25,04,19,28,29,47,05
338,2012-01-21,12,24,43,44,45,07
339,2012-01-18,06,29,34,44,50,28
340,2012-01-14,10,30,36,38,41,01
341,2012-01-11,05,19,29,45,47,25
342,2012-01-07,03,21,24,38,39,24
343,2012-01-04,21,35,46,47,50,02
344,2011-12-31,05,23,25,28,40,34
345,2011-12-28,16,21,27,41,45,14
346,2011-12-24,14,16,30,51,52,19
347,2011-12-21,10,13,15,31,54,18
348,2011-12-17,13,28,49,51,59,33
349,2011-12-14,02,24,46,52,56,19
350,2011-12-10,04,19,33,41,59,09
351,2011-12-07,03,14,20,39,40,37
352,2011-12-03,05,18,33,43,45,08
353,2011-11-30,02,06,34,35,47,22
354,2011-11-26,20,37,39,45,55,28
355,2011-11-23,04,30,35,57,59,25
356,2011-11-19,09,16,17,28,30,11
357,2011-11-16,13,22,25,39,51,28
358,2011-11-12,04,35,36,51,56,08
359,2011-11-09,05,35,57,58,59,12
360,2011-11-05,02,33,39,40,43,26
361,2011-11-02,12,14,34,39,46,36
362,2011-10-29,11,16,40,51,56,38
363,2011-10-26,01,18,21,39,55,06
364,2011-10-22,03,08,23,30,58,13
365,2011-10-19,16,26,35,52,58,02
366,2011-10-15,05,10,24,38,43,01
367,2011-10-12,10,12,23,43,47,18
368,2011-10-08,03,27,35,37,45,31
369,2011-10-05,07,20,43,46,54,17
370,2011-10-01,01,12,23,27,43,31
371,2011-09-28,30,41,50,51,53,08
372,2011-09-24,03,04,12,27,44,26
373,2011-09-21,12,47,48,52,55,13
374,2011-09-17,06,20,22,32,43,11
375,2011-09-14,16,41,42,50,59,05
376,2011-09-10,04,19,22,32,53,24
377,2011-09-07,03,05,18,27,54,13
378,2011-09-03,15,25,52,53,54,02
379,2011-08-31,13,19,35,47,57,29
380,2011-08-27,02,12,25,54,58,14
381,2011-08-24,09,13,47,49,53,39
382,2011-08-20,02,17,23,28,47,36
383,2011-08-17,18,28,31,48,52,37
384,2011-08-13,09,12,35,50,58,04
385,2011-08-10,11,18,36,41,46,38
386,2011-08-06,25,30,54,57,59,06
387,2011-08-03,13,19,21,28,49,11
388,2011-07-30,20,40,41,47,55,19
389,2011-07-27,38,40,41,51,59,33
390,2011-07-23,01,07,27,38,48,30
391,2011-07-20,01,04,38,40,42,17
392,2011-07-16,24,28,48,50,54,25
393,2011-07-13,08,18,19,32,54,08
394,2011-07-09,01,09,11,23,31,06
395,2011-07-06,11,15,24,50,55,08
396,2011-07-02,01,11,18,29,51,32
397,2011-06-29,24,30,45,57,59,26
398,2011-06-25,18,36,39,41,57,12
399,2011-06-22,12,15,19,46,59,12
400,2011-06-18,12,21,22,38,41,18
401,2011-06-15,19,20,38,41,43,29
402,2011-06-11,16,18,27,36,50,08
403,2011-06-08,14,37,44,45,53,29
404,2011-06-04,17,19,39,41,58,21
405,2011-06-01,08,18,38,46,56,31
406,2011-05-28,12,20,43,51,55,11
407,2011-05-25,04,23,31,42,50,23
408,2011-05-21,02,08,40,49,50,36
409,2011-05-18,07,12,13,42,49,16
410,2011-05-14,08,17,18,40,44,16
411,2011-05-11,09,17,32,43,45,31
412,2011-05-07,02,11,27,47,55,15
413,2011-05-04,03,15,27,29,41,24
414,2011-04-30,06,13,15,32,41,03
415,2011-04-27,04,24,40,44,55,05
416,2011-04-23,03,11,47,48,58,19
417,2011-04-20,09,24,34,36,43,27
418,2011-04-16,21,33,44,45,55,07
419,2011-04-13,04,23,39,49,50,39
420,2011-04-09,05,14,32,53,56,11
421,2011-04-06,10,18,41,55,56,15
422,2011-04-02,06,22,34,43,45,23
423,2011-03-30,19,20,42,56,58,37
424,2011-03-26,04,10,11,19,33,27
425,2011-03-23,05,15,26,28,32,09
426,2011-03-19,03,11,20,27,46,08
427,2011-03-16,28,39,40,48,53,09
428,2011-03-12,01,04,12,41,47,03
429,2011-03-09,12,20,28,40,48,08
430,2011-03-05,02,23,31,42,48,21
431,2011-03-02,07,31,50,51,58,06
432,2011-02-26,04,13,17,21,45,10
433,2011-02-23,29,32,36,39,49,29
434,2011-02-19,03,12,34,37,42,36
435,2011-02-16,09,13,21,23,48,24
436,2011-02-12,11,32,36,48,52,19
437,2011-02-09,07,11,39,42,51,30
438,2011-02-05,15,37,41,56,59,05
439,2011-02-02,03,14,33,53,57,36
440,2011-01-29,24,28,45,49,52,02
441,2011-01-26,04,05,36,47,58,06
442,2011-01-22,30,31,34,45,51,23
443,2011-01-19,22,36,51,56,59,32
444,2011-01-15,09,13,22,23,37,31
445,2011-01-12,19,21,23,40,48,27
446,2011-01-08,06,07,26,33,52,24
447,2011-01-05,22,26,32,38,40,07
448,2011-01-01,18,22,37,47,54,36
449,2010-12-29,03,16,18,20,37,30
450,2010-12-25,01,17,38,50,52,24
451,2010-12-22,11,33,44,46,47,12
452,2010-12-18,04,11,19,33,43,14
453,2010-12-15,10,11,18,32,45,18
454,2010-12-11,01,08,10,19,20,23
455,2010-12-08,08,11,25,41,58,16
456,2010-12-04,13,24,27,31,42,22
457,2010-12-01,05,10,11,12,20,02
458,2010-11-27,10,30,37,47,54,39
459,2010-11-24,08,20,21,32,37,04
460,2010-11-20,10,12,38,53,57,01
461,2010-11-17,14,16,53,54,59,05
462,2010-11-13,17,30,48,51,54,29
463,2010-11-10,05,08,11,40,44,10
464,2010-11-06,07,12,23,34,38,33
465,2010-11-03,34,38,39,45,50,33
466,2010-10-30,01,07,27,36,49,39
467,2010-10-27,20,24,25,53,59,15
468,2010-10-23,02,07,16,20,46,34
469,2010-10-20,07,17,20,39,59,17
470,2010-10-16,11,12,15,16,28,11
471,2010-10-13,12,22,32,34,46,02
472,2010-10-09,02,06,32,42,49,35
473,2010-10-06,14,26,37,41,46,24
474,2010-10-02,12,20,30,36,47,25
475,2010-09-29,13,44,51,52,55,30
476,2010-09-25,08,16,27,35,42,30
477,2010-09-22,10,24,36,52,55,15
478,2010-09-18,01,18,37,39,44,13
479,2010-09-15,07,20,21,34,43,34
480,2010-09-11,07,17,20,36,59,33
481,2010-09-08,10,35,39,51,57,20
482,2010-09-04,11,14,22,33,42,38
483,2010-09-01,17,20,21,40,51,19
484,2010-08-28,04,22,27,32,56,13
485,2010-08-25,16,17,29,31,36,23
486,2010-08-21,07,10,12,22,27,26
487,2010-08-18,04,32,33,47,55,39
488,2010-08-14,09,33,36,50,58,31
489,2010-08-11,07,10,22,23,52,29
490,2010-08-07,04,22,26,31,52,30
491,2010-08-04,19,28,30,37,53,36
492,2010-07-31,01,16,17,41,57,15
493,2010-07-28,01,11,20,25,27,02
494,2010-07-24,20,30,38,46,59,27
495,2010-07-21,16,22,30,51,58,25
496,2010-07-17,22,27,35,37,45,03
497,2010-07-14,20,21,23,38,42,06
498,2010-07-10,20,21,27,28,56,04
499,2010-07-07,10,41,44,48,56,04
500,2010-07-03,03,10,14,52,53,03
501,2010-06-30,06,38,43,47,48,27
502,2010-06-26,13,30,32,38,57,25
503,2010-06-23,11,30,45,47,48,10
504,2010-06-19,09,30,31,50,54,39
505,2010-06-16,08,11,18,29,36,06
506,2010-06-12,09,12,13,35,38,30
507,2010-06-09,14,22,27,32,49,05
508,2010-06-05,18,34,40,48,59,25
509,2010-06-02,04,09,14,39,43,38
510,2010-05-29,01,03,24,28,41,10
511,2010-05-26,01,06,10,13,20,32
512,2010-05-22,19,20,40,47,57,29
513,2010-05-19,02,07,29,55,58,27
514,2010-05-15,15,21,23,28,36,20
515,2010-05-12,37,51,52,53,58,38
516,2010-05-08,05,22,34,41,57,31
517,2010-05-05,13,34,40,47,57,11
518,2010-05-01,16,23,25,49,58,20
519,2010-04-28,12,22,25,28,44,24
520,2010-04-24,01,12,53,56,57,05
521,2010-04-21,11,34,41,49,55,20
522,2010-04-17,05,21,22,41,49,15
523,2010-04-14,06,14,32,38,52,20
524,2010-04-10,21,22,49,52,58,34
525,2010-04-07,04,36,40,44,52,33
526,2010-04-03,10,15,31,52,59,04
527,2010-03-31,05,13,17,45,54,12
528,2010-03-27,07,21,32,44,52,10
529,2010-03-24,14,20,24,39,49,07
530,2010-03-20,09,36,39,44,45,09
531,2010-03-17,24,26,45,48,55,08
532,2010-03-13,06,16,20,31,36,08
533,2010-03-10,17,21,37,41,50,01
534,2010-03-06,10,29,33,41,59,15
535,2010-03-03,07,09,14,45,49,23
536,2010-02-27,18,47,51,53,58,30
537,2010-02-24,04,17,35,50,57,12
538,2010-02-20,13,27,37,41,54,32
539,2010-02-17,07,08,19,26,36,15
540,2010-02-13,10,14,30,40,51,01
541,2010-02-10,05,08,29,37,38,34
542,2010-02-06,14,22,52,54,59,04
543,2010-02-03,17,22,36,37,52,24
544,2010-01-30,06,26,35,47,48,21
545,2010-01-27,06,15,20,26,31,09
546,2010-01-23,15,16,20,42,53,17
547,2010-01-20,15,32,43,44,46,19
548,2010-01-16,07,08,23,41,55,23
549,2010-01-13,08,11,15,32,50,27
550,2010-01-09,20,41,44,50,54,22
551,2010-01-06,20,27,29,56,58,31
552,2010-01-02,03,07,23,27,42,37
553,2009-12-30,05,14,38,39,52,06
554,2009-12-26,32,36,37,41,53,30
555,2009-12-23,08,32,49,51,52,23
556,2009-12-19,17,24,39,41,47,21
557,2009-12-16,13,23,25,35,43,15
558,2009-12-12,12,13,14,35,41,29
559,2009-12-09,01,05,12,13,58,21
560,2009-12-05,27,39,41,44,58,17
561,2009-12-02,14,34,37,46,55,37
562,2009-11-28,26,27,28,46,50,21
563,2009-11-25,04,13,18,49,59,05
564,2009-11-21,07,26,36,49,58,04
565,2009-11-18,32,42,50,58,59,31
566,2009-11-14,19,30,32,48,57,14
567,2009-11-11,08,12,14,22,29,22
568,2009-11-07,07,32,37,46,50,26
569,2009-11-04,10,11,14,45,51,17
570,2009-10-31,02,19,26,41,54,23
571,2009-10-28,03,11,26,46,51,23
572,2009-10-24,14,22,38,49,59,16
573,2009-10-21,06,16,34,45,51,04
574,2009-10-17,05,16,25,30,49,39
575,2009-10-14,05,15,25,30,40,06
576,2009-10-10,13,32,45,49,50,30
577,2009-10-07,02,20,21,38,50,22
578,2009-10-03,12,24,48,50,57,22
579,2009-09-30,41,42,52,54,57,30
580,2009-09-26,18,20,34,36,39,19
581,2009-09-23,07,08,20,25,29,11
582,2009-09-19,05,24,25,30,49,23
583,2009-09-16,17,37,40,51,56,25
584,2009-09-12,13,28,38,41,56,25
585,2009-09-09,04,16,18,51,53,23
586,2009-09-05,09,16,27,35,57,29
587,2009-09-02,18,23,36,47,59,36
588,2009-08-29,01,20,37,52,53,33
589,2009-08-26,01,21,23,30,43,11
590,2009-08-22,03,06,20,32,51,23
591,2009-08-19,14,24,31,43,51,27
592,2009-08-15,14,15,26,32,36,12
593,2009-08-12,10,25,32,34,47,05
594,2009-08-08,04,33,37,45,50,11
595,2009-08-05,25,34,41,46,49,29
596,2009-08-01,05,37,39,46,53,08
597,2009-07-29,02,05,38,43,59,08
598,2009-07-25,05,17,33,46,52,09
599,2009-07-22,04,06,16,22,32,11
600,2009-07-18,04,21,26,28,47,37
601,2009-07-15,26,50,51,52,57,37
602,2009-07-11,01,04,20,39,42,02
603,2009-07-08,19,42,50,53,56,39
604,2009-07-04,04,09,22,41,44,14
605,2009-07-01,09,32,38,52,53,15
606,2009-06-27,18,22,26,39,48,17
607,2009-06-24,16,18,24,51,53,16
608,2009-06-20,03,11,18,22,28,33
609,2009-06-17,05,09,37,42,53,27
610,2009-06-13,13,16,20,35,41,06
611,2009-06-10,15,26,27,42,58,37
612,2009-06-06,10,18,23,30,45,02
613,2009-06-03,16,20,22,32,37,09
614,2009-05-30,01,23,42,51,59,20
615,2009-05-27,05,06,12,16,21,07
616,2009-05-23,19,23,34,52,57,21
617,2009-05-20,23,30,31,35,42,06
618,2009-05-16,06,07,31,40,56,38
619,2009-05-13,19,30,32,37,40,37
620,2009-05-09,04,15,32,49,58,21
621,2009-05-06,07,08,12,22,31,18
622,2009-05-02,03,20,38,42,45,27
623,2009-04-29,06,19,36,50,59,13
624,2009-04-25,08,26,30,42,52,15
625,2009-04-22,15,22,30,37,48,12
626,2009-04-18,07,15,28,43,44,20
627,2009-04-15,16,22,26,27,59,05
628,2009-04-11,07,28,35,46,49,20
629,2009-04-08,01,06,48,52,56,09
630,2009-04-04,14,21,50,57,58,07
631,2009-04-01,02,09,33,41,54,14
632,2009-03-28,02,03,16,41,48,19
633,2009-03-25,10,20,23,47,54,26
634,2009-03-21,19,23,27,49,52,21
635,2009-03-18,16,26,29,41,45,01
636,2009-03-14,07,30,33,44,51,10
637,2009-03-11,03,07,13,34,47,30
638,2009-03-07,21,27,28,56,59,21
639,2009-03-04,01,06,44,49,55,36
640,2009-02-28,03,16,20,42,58,07
641,2009-02-25,17,32,42,49,56,11
642,2009-02-21,13,31,41,45,46,21
643,2009-02-18,02,15,39,44,56,15
644,2009-02-14,02,08,09,33,45,05
645,2009-02-11,05,10,22,45,49,37
646,2009-02-07,05,18,20,28,53,27
647,2009-02-04,07,24,30,32,44,18
648,2009-01-31,01,14,26,33,41,37
649,2009-01-28,05,10,18,23,32,04
650,2009-01-24,06,20,25,37,42,25
651,2009-01-21,20,26,38,46,54,23
652,2009-01-17,02,05,09,23,59,26
653,2009-01-14,08,25,34,39,46,34
654,2009-01-10,08,10,18,43,56,09
655,2009-01-07,23,31,33,38,52,24
656,2009-01-03,17,22,24,38,55,24
657,2008-12-31,07,08,11,17,53,36
658,2008-12-27,12,15,26,31,43,10
659,2008-12-24,02,17,22,32,41,08
660,2008-12-20,03,14,19,32,54,24
661,2008-12-17,07,11,18,24,30,26
662,2008-12-13,14,26,28,31,40,13
663,2008-12-10,06,15,24,37,41,37
664,2008-12-06,09,35,39,43,53,10
665,2008-12-03,16,17,21,25,55,03
666,2008-11-29,05,33,36,39,55,21
667,2008-11-26,11,26,31,34,52,14
668,2008-11-22,17,19,26,32,45,14
669,2008-11-19,08,13,38,39,45,31
670,2008-11-15,03,07,08,12,44,37
671,2008-11-12,01,18,25,29,45,02
672,2008-11-08,02,04,21,36,40,41
673,2008-11-05,04,08,18,33,36,32
674,2008-11-01,04,06,26,40,41,15
675,2008-10-29,20,30,37,50,52,33
676,2008-10-25,01,03,14,38,48,02
677,2008-10-22,10,17,33,51,52,05
678,2008-10-18,10,14,32,40,49,15
679,2008-10-15,03,13,32,38,48,13
680,2008-10-11,03,07,17,39,47,09
681,2008-10-08,02,12,17,48,54,02
682,2008-10-04,01,04,26,32,39,18
683,2008-10-01,08,09,39,43,55,26
684,2008-09-27,13,24,29,40,52,29
685,2008-09-24,05,13,21,32,36,33
686,2008-09-20,06,28,30,40,47,24
687,2008-09-17,12,23,26,32,44,20
688,2008-09-13,07,17,29,43,51,38
689,2008-09-10,14,15,28,37,53,18
690,2008-09-06,17,25,26,49,54,11
691,2008-09-03,38,40,46,49,50,34
692,2008-08-30,02,14,15,32,47,36
693,2008-08-27,13,31,36,48,49,11
694,2008-08-23,18,24,33,47,48,23
695,2008-08-20,15,16,24,35,47,26
696,2008-08-16,05,34,40,43,52,20
697,2008-08-13,05,10,19,23,31,26
698,2008-08-09,32,40,43,49,53,21
699,2008-08-06,05,24,36,37,51,19
700,2008-08-02,02,05,28,33,54,30
701,2008-07-30,03,25,45,51,55,13
702,2008-07-26,12,13,21,51,55,18
703,2008-07-23,11,14,35,41,52,02
704,2008-07-19,06,28,46,53,55,02
705,2008-07-16,03,15,23,29,42,17
706,2008-07-12,02,12,20,22,50,17
707,2008-07-09,05,07,31,49,53,14
708,2008-07-05,01,24,34,47,48,18
709,2008-07-02,04,33,46,48,52,17
710,2008-06-28,14,26,32,34,44,06
711,2008-06-25,14,21,25,45,53,09
712,2008-06-21,07,08,09,31,50,31
713,2008-06-18,09,12,31,39,52,32
714,2008-06-14,09,11,20,31,50,14
715,2008-06-11,07,18,21,28,49,01
716,2008-06-07,12,26,34,44,48,09
717,2008-06-04,05,18,20,40,52,03
718,2008-05-31,03,09,14,17,25,08
719,2008-05-28,10,18,22,37,45,09
720,2008-05-24,33,40,41,51,52,06
721,2008-05-21,07,16,21,33,42,25
722,2008-05-17,12,14,15,21,43,30
723,2008-05-14,19,21,29,32,46,32
724,2008-05-10,07,18,30,41,45,06
725,2008-05-07,09,25,26,28,42,26
726,2008-05-03,02,28,36,42,46,40
727,2008-04-30,01,17,25,43,51,38
728,2008-04-26,07,12,17,27,45,24
729,2008-04-23,11,20,21,22,39,01
730,2008-04-19,13,19,24,33,39,08
731,2008-04-16,11,16,18,21,51,16
732,2008-04-12,11,29,48,52,55,36
733,2008-04-09,03,13,19,32,46,18
734,2008-04-05,12,27,30,37,47,26
735,2008-04-02,01,34,37,44,55,33
736,2008-03-29,18,20,25,31,36,07
737,2008-03-26,09,12,20,37,49,17
738,2008-03-22,07,25,28,46,48,19
739,2008-03-19,06,08,29,41,49,42
740,2008-03-15,06,22,42,43,47,16
741,2008-03-12,12,19,30,34,36,08
742,2008-03-08,17,29,31,34,49,16
743,2008-03-05,10,15,16,23,31,05
744,2008-03-01,02,19,21,31,55,19
745,2008-02-27,20,24,37,48,53,11
746,2008-02-23,08,13,23,29,47,32
747,2008-02-20,09,12,20,22,36,31
748,2008-02-16,03,04,08,20,49,18
749,2008-02-13,13,19,32,38,51,30
750,2008-02-09,04,23,24,30,43,28
751,2008-02-06,03,05,12,42,43,05
752,2008-02-02,14,16,25,26,44,30
753,2008-01-30,02,17,41,54,55,17
754,2008-01-26,11,35,39,53,54,24
755,2008-01-23,04,16,35,47,48,39
756,2008-01-19,20,23,25,27,28,02
757,2008-01-16,09,18,19,38,47,11
758,2008-01-12,23,39,43,47,53,14
759,2008-01-09,02,13,20,21,23,24
760,2008-01-05,04,11,16,33,40,09
761,2008-01-02,02,11,31,34,48,05
762,2007-12-29,08,12,17,35,49,18
763,2007-12-26,08,32,41,54,55,20
764,2007-12-22,05,10,11,34,38,21
765,2007-12-19,15,18,22,23,42,37
766,2007-12-15,22,37,47,48,50,17
767,2007-12-12,07,14,33,40,55,15
768,2007-12-08,04,08,25,29,31,41
769,2007-12-05,01,08,15,21,55,41
770,2007-12-01,07,32,39,41,55,13
771,2007-11-28,08,23,32,37,39,38
772,2007-11-24,01,07,13,23,35,19
773,2007-11-21,03,11,13,20,40,20
774,2007-11-17,17,27,49,52,53,23
775,2007-11-14,16,18,20,30,48,06
776,2007-11-10,06,22,24,26,30,12
777,2007-11-07,22,29,35,46,52,02
778,2007-11-03,01,31,38,40,53,42
779,2007-10-31,06,16,18,29,37,24
780,2007-10-27,13,25,30,40,43,12
781,2007-10-24,10,11,18,49,52,02
782,2007-10-20,10,11,37,40,54,10
783,2007-10-17,14,15,19,42,46,37
784,2007-10-13,21,30,34,36,49,42
785,2007-10-10,12,16,31,33,54,05
786,2007-10-06,08,30,32,33,51,02
787,2007-10-03,02,04,14,15,28,23
788,2007-09-29,31,33,38,49,55,39
789,2007-09-26,25,27,31,44,54,08
790,2007-09-22,04,09,18,43,55,03
791,2007-09-19,20,25,26,45,46,15
792,2007-09-15,13,16,27,48,51,21
793,2007-09-12,05,24,26,33,47,01
794,2007-09-08,07,12,28,30,48,40
795,2007-09-05,11,20,21,30,48,18
796,2007-09-01,12,19,23,37,39,13
797,2007-08-29,13,16,33,44,47,29
798,2007-08-25,02,08,23,29,35,19
799,2007-08-22,12,37,40,48,50,37
800,2007-08-18,12,15,28,31,50,12
801,2007-08-15,19,22,24,38,51,09
802,2007-08-11,01,10,11,37,40,20
803,2007-08-08,09,16,21,30,52,09
804,2007-08-04,02,23,24,27,36,03
805,2007-08-01,09,16,23,51,52,12
806,2007-07-28,15,19,24,27,47,11
807,2007-07-25,28,35,40,47,53,30
808,2007-07-21,14,30,39,43,46,14
809,2007-07-18,03,09,14,40,42,03
810,2007-07-14,01,21,30,34,36,37
811,2007-07-11,08,20,29,42,43,35
812,2007-07-07,15,21,27,41,47,20
813,2007-07-04,01,02,15,17,49,35
814,2007-06-30,24,38,39,46,47,26
815,2007-06-27,09,11,13,24,43,18
816,2007-06-23,14,15,27,43,53,28
817,2007-06-20,23,31,32,37,55,35
818,2007-06-16,04,08,32,47,51,27
819,2007-06-13,10,13,28,30,47,26
820,2007-06-09,07,10,25,32,41,22
821,2007-06-06,05,09,14,45,48,28
822,2007-06-02,02,22,32,36,47,36
823,2007-05-30,07,23,35,54,55,28
824,2007-05-26,01,05,21,46,51,29
825,2007-05-23,03,11,24,36,38,06
826,2007-05-19,03,19,21,26,45,02
827,2007-05-16,06,07,16,34,42,23
828,2007-05-12,30,44,46,51,53,25
829,2007-05-09,02,13,30,44,52,40
830,2007-05-05,13,21,29,40,50,06
831,2007-05-02,01,08,35,40,47,09
832,2007-04-28,16,22,43,46,49,10
833,2007-04-25,12,13,14,17,53,11
834,2007-04-21,22,26,28,33,45,17
835,2007-04-18,06,10,12,13,24,19
836,2007-04-14,12,21,36,38,49,18
837,2007-04-11,06,15,38,42,51,18
838,2007-04-07,02,28,31,54,55,23
839,2007-04-04,19,30,39,40,53,16
840,2007-03-31,02,05,16,36,40,36
841,2007-03-28,06,20,35,37,47,01
842,2007-03-24,10,38,40,48,53,03
843,2007-03-21,16,24,38,53,54,05
844,2007-03-17,07,17,44,47,54,03
845,2007-03-14,04,27,30,39,44,18
846,2007-03-10,14,18,34,42,43,32
847,2007-03-07,13,16,18,19,46,36
848,2007-03-03,01,05,16,22,48,06
849,2007-02-28,13,20,41,42,53,02
850,2007-02-24,36,38,42,54,55,24
851,2007-02-21,02,08,22,29,37,03
852,2007-02-17,01,15,35,37,45,32
853,2007-02-14,03,26,30,54,55,15
854,2007-02-10,02,11,16,41,42,16
855,2007-02-07,04,22,28,37,52,10
856,2007-02-03,12,13,20,33,42,37
857,2007-01-31,02,15,25,42,48,14
858,2007-01-27,10,19,26,27,32,14
859,2007-01-24,09,19,29,42,53,17
860,2007-01-20,01,05,26,32,38,30
861,2007-01-17,16,35,49,50,52,31
862,2007-01-13,01,21,23,25,26,04
863,2007-01-10,36,42,45,53,54,36
864,2007-01-06,01,24,40,49,50,38
865,2007-01-03,10,12,24,35,55,31
866,2006-12-30,09,23,28,31,36,26
867,2006-12-27,14,16,27,29,41,29
868,2006-12-23,08,27,43,52,53,05
869,2006-12-20,01,06,14,26,34,34
870,2006-12-16,05,17,28,36,51,05
871,2006-12-13,19,32,33,42,54,15
872,2006-12-09,19,22,30,34,52,40
873,2006-12-06,07,34,35,36,38,14
874,2006-12-02,17,34,42,45,50,11
875,2006-11-29,02,08,09,12,19,25
876,2006-11-25,05,18,28,49,55,38
877,2006-11-22,22,32,36,49,55,08
878,2006-11-18,01,08,19,36,42,20
879,2006-11-15,11,28,30,34,43,29
880,2006-11-11,35,38,40,49,55,41
881,2006-11-08,08,11,12,26,53,04
882,2006-11-04,12,13,34,39,44,05
883,2006-11-01,07,08,13,46,54,35
884,2006-10-28,14,22,30,38,41,12
885,2006-10-25,16,40,42,43,48,01
886,2006-10-21,09,29,31,45,55,07
887,2006-10-18,02,24,34,41,48,24
888,2006-10-14,01,15,17,26,40,19
889,2006-10-11,05,10,12,35,38,09
890,2006-10-07,03,04,08,31,45,12
891,2006-10-04,03,07,27,39,40,08
892,2006-09-30,06,15,30,32,39,05
893,2006-09-27,23,28,33,35,49,16
894,2006-09-23,13,21,26,45,50,20
895,2006-09-20,07,08,17,29,54,26
896,2006-09-16,07,08,26,27,42,12
897,2006-09-13,15,19,26,45,47,03
898,2006-09-09,03,19,20,22,47,02
899,2006-09-06,02,21,27,35,55,01
900,2006-09-02,03,08,24,28,49,25
901,2006-08-30,03,19,33,35,43,01
902,2006-08-26,24,26,38,42,46,16
903,2006-08-23,08,17,24,38,51,31
904,2006-08-19,12,22,26,29,51,09
905,2006-08-16,02,13,22,48,50,02
906,2006-08-12,13,14,18,27,54,32
907,2006-08-09,16,19,41,43,52,35
908,2006-08-05,02,03,09,48,50,23
909,2006-08-02,10,13,16,19,24,15
910,2006-07-29,14,19,26,39,55,29
911,2006-07-26,05,10,17,24,43,31
912,2006-07-22,14,40,47,54,55,06
913,2006-07-19,02,32,38,44,50,21
914,2006-07-15,20,35,36,47,50,05
915,2006-07-12,18,19,30,31,33,15
916,2006-07-08,32,37,44,49,50,13
917,2006-07-05,26,39,41,52,53,20
918,2006-07-01,02,31,35,40,42,34
919,2006-06-28,02,08,16,45,51,32
920,2006-06-24,08,11,30,39,47,23
921,2006-06-21,11,19,22,43,45,34
922,2006-06-17,10,20,22,39,48,25
923,2006-06-14,04,14,15,40,48,12
924,2006-06-10,16,24,26,36,54,11
925,2006-06-07,04,10,20,26,40,08
926,2006-06-03,05,06,18,20,50,35
927,2006-05-31,10,20,22,43,49,03
928,2006-05-27,06,23,27,41,47,19
929,2006-05-24,02,03,12,47,51,10
930,2006-05-20,02,09,23,44,45,38
931,2006-05-17,15,17,24,26,35,38
932,2006-05-13,19,28,30,47,54,13
933,2006-05-10,03,04,11,37,44,24
934,2006-05-06,12,23,25,32,38,27
935,2006-05-03,04,06,19,38,42,37
936,2006-04-29,19,30,35,40,41,14
937,2006-04-26,12,24,26,48,55,14
938,2006-04-22,04,05,06,18,27,24
939,2006-04-19,05,28,32,34,53,10
940,2006-04-15,13,18,23,28,46,33
941,2006-04-12,16,26,34,35,41,24
942,2006-04-08,04,23,35,43,44,35
943,2006-04-05,03,09,24,29,39,42
944,2006-04-01,01,10,23,50,55,29
945,2006-03-29,02,14,24,28,54,13
946,2006-03-25,20,34,37,39,45,32
947,2006-03-22,18,22,23,38,45,31
948,2006-03-18,01,25,34,36,42,19
949,2006-03-15,07,12,36,48,54,37
950,2006-03-11,16,35,37,52,54,33
951,2006-03-08,01,05,07,21,43,20
952,2006-03-04,13,22,27,52,55,26
953,2006-03-01,10,25,35,38,41,23
954,2006-02-25,03,37,46,48,51,22
955,2006-02-22,09,23,47,53,55,39
956,2006-02-18,15,17,43,44,48,29
957,2006-02-15,03,13,35,39,40,37
958,2006-02-11,07,38,40,51,52,14
959,2006-02-08,14,25,32,48,54,10
960,2006-02-04,04,12,13,30,38,30
961,2006-02-01,11,13,30,35,55,37
962,2006-01-28,14,15,26,28,36,36
963,2006-01-25,10,37,43,50,52,14
964,2006-01-21,03,18,39,43,54,41
965,2006-01-18,15,29,38,52,53,07
966,2006-01-14,06,14,40,46,49,17
967,2006-01-11,03,06,14,17,18,14
968,2006-01-07,02,16,21,32,43,06
969,2006-01-04,10,23,42,48,54,03
970,2005-12-31,04,30,37,43,46,42
971,2005-12-28,12,15,30,46,54,01
972,2005-12-24,04,10,33,34,50,14
973,2005-12-21,09,12,16,23,43,37
974,2005-12-17,24,36,44,46,53,18
975,2005-12-14,08,15,16,45,51,11
976,2005-12-10,03,21,34,42,45,39
977,2005-12-07,19,30,41,45,54,14
978,2005-12-03,02,15,26,37,42,36
979,2005-11-30,19,23,27,42,52,01
980,2005-11-26,28,34,37,45,53,32
981,2005-11-23,09,12,24,25,27,33
982,2005-11-19,08,15,20,41,54,22
983,2005-11-16,05,18,20,21,44,27
984,2005-11-12,17,37,41,48,55,39
985,2005-11-09,05,13,14,31,49,30
986,2005-11-05,07,25,29,37,50,17
987,2005-11-02,06,11,14,27,41,38
988,2005-10-29,14,19,22,41,50,21
989,2005-10-26,02,10,39,42,43,23
990,2005-10-22,06,07,36,51,53,17
991,2005-10-19,07,21,43,44,49,29
992,2005-10-15,01,07,08,34,45,15
993,2005-10-12,04,09,18,51,54,10
994,2005-10-08,26,31,35,46,50,28
995,2005-10-05,02,15,25,30,45,17
996,2005-10-01,08,18,38,45,54,23
997,2005-09-28,07,22,27,48,50,17
998,2005-09-24,02,10,31,43,55,14
999,2005-09-21,03,28,34,35,50,08
1000,2005-09-17,05,09,27,49,52,06
1001,2005-09-14,21,24,42,49,50,01
1002,2005-09-10,08,10,11,48,50,16
1003,2005-09-07,12,32,40,50,54,37
1004,2005-09-03,01,03,30,31,43,36
1005,2005-08-31,13,17,19,41,50,13
1006,2005-08-27,08,22,31,39,44,11
1007,2005-08-24,09,11,26,35,51,32
1008,2005-08-20,13,27,28,29,49,36
1009,2005-08-17,03,08,30,43,53,15
1010,2005-08-13,01,02,18,37,43,37
1011,2005-08-10,13,31,36,38,49,02
1012,2005-08-06,01,09,19,36,53,33
1013,2005-08-03,05,19,24,28,39,24
1014,2005-07-30,08,14,35,38,46,24
1015,2005-07-27,01,04,10,13,29,03
1016,2005-07-23,13,16,20,28,32,36
1017,2005-07-20,06,07,32,39,51,31
1018,2005-07-16,08,32,33,41,50,22
1019,2005-07-13,04,05,13,23,43,34
1020,2005-07-09,08,09,39,47,53,04
1021,2005-07-06,02,12,25,30,48,38
1022,2005-07-02,09,10,29,39,52,20
1023,2005-06-29,03,08,22,42,49,39
1024,2005-06-25,07,28,31,32,40,14
1025,2005-06-22,09,13,23,42,51,15
1026,2005-06-18,05,08,10,16,24,05
1027,2005-06-15,14,20,22,39,44,14
1028,2005-06-11,03,10,14,24,46,37
1029,2005-06-08,10,36,40,42,43,42
1030,2005-06-04,07,16,38,44,48,18
1031,2005-06-01,15,34,39,42,50,12
1032,2005-05-28,05,07,24,28,39,36
1033,2005-05-25,27,29,31,42,46,33
1034,2005-05-21,02,05,07,10,30,23
1035,2005-05-18,07,13,17,20,35,35
1036,2005-05-14,21,29,38,49,52,42
1037,2005-05-11,05,25,46,48,49,06
1038,2005-05-07,21,23,39,44,47,19
1039,2005-05-04,10,21,27,33,40,02
1040,2005-04-30,08,15,17,32,48,24
1041,2005-04-27,11,13,18,32,42,04
1042,2005-04-23,08,09,13,15,50,09
1043,2005-04-20,07,16,33,34,46,27
1044,2005-04-16,11,38,44,45,51,41
1045,2005-04-13,06,13,37,51,52,25
1046,2005-04-09,01,11,35,46,53,29
1047,2005-04-06,05,11,14,22,51,17
1048,2005-04-02,05,09,11,17,46,39
1049,2005-03-30,22,28,32,33,39,42
1050,2005-03-26,09,12,35,41,51,36
1051,2005-03-23,23,29,37,40,45,38
1052,2005-03-19,01,21,28,32,41,09
1053,2005-03-16,11,19,25,38,50,35
1054,2005-03-12,07,23,40,46,52,41
1055,2005-03-09,10,17,20,23,45,31
1056,2005-03-05,09,13,27,40,53,28
1057,2005-03-02,03,10,18,46,48,08
1058,2005-02-26,08,22,30,33,49,06
1059,2005-02-23,04,10,15,48,51,13
1060,2005-02-19,12,15,18,27,52,36
1061,2005-02-16,21,25,27,41,48,25
1062,2005-02-12,18,21,28,49,50,16
1063,2005-02-09,09,10,15,18,29,09
1064,2005-02-05,11,34,37,44,47,23
1065,2005-02-02,10,11,16,40,44,02
1066,2005-01-29,11,16,20,29,41,12
1067,2005-01-26,05,32,43,47,48,33
1068,2005-01-22,11,23,32,33,34,38
1069,2005-01-19,09,18,32,33,49,27
1070,2005-01-15,21,26,37,49,51,25
1071,2005-01-12,21,23,27,38,50,38
1072,2005-01-08,09,11,22,24,43,02
1073,2005-01-05,04,07,10,30,37,37
1074,2005-01-01,22,23,26,44,47,12
1075,2004-12-29,24,29,33,38,44,07
1076,2004-12-25,29,32,39,45,53,16
1077,2004-12-22,02,07,11,24,31,18
1078,2004-12-18,01,25,29,30,45,12
1079,2004-12-15,01,06,11,38,53,11
1080,2004-12-11,06,07,16,41,53,23
1081,2004-12-08,13,17,35,45,50,02
1082,2004-12-04,06,09,16,22,30,04
1083,2004-12-01,03,28,36,38,44,01
1084,2004-11-27,16,28,35,36,47,31
1085,2004-11-24,03,19,47,49,53,04
1086,2004-11-20,04,29,45,48,50,01
1087,2004-11-17,15,25,31,36,46,37
1088,2004-11-13,05,06,26,33,34,13
1089,2004-11-10,14,21,29,43,45,26
1090,2004-11-06,18,22,33,38,40,19
1091,2004-11-03,11,35,43,45,48,42
1092,2004-10-30,20,27,30,40,48,11
1093,2004-10-27,11,17,40,44,51,21
1094,2004-10-23,15,24,49,50,52,40
1095,2004-10-20,01,11,17,41,46,24
1096,2004-10-16,05,20,22,36,42,11
1097,2004-10-13,05,14,17,45,46,41
1098,2004-10-09,01,03,10,47,48,27
1099,2004-10-06,05,06,19,44,50,28
1100,2004-10-02,02,13,29,32,35,04
1101,2004-09-29,16,28,33,35,37,17
1102,2004-09-25,11,25,40,41,48,03
1103,2004-09-22,06,14,34,37,40,07
1104,2004-09-18,02,14,27,31,36,09
1105,2004-09-15,01,08,17,28,50,20
1106,2004-09-11,25,34,36,46,49,09
1107,2004-09-08,02,04,28,33,52,18
1108,2004-09-04,13,15,25,26,46,28
1109,2004-09-01,31,33,44,45,51,31
1110,2004-08-28,06,30,35,39,45,31
1111,2004-08-25,01,30,32,37,50,19
1112,2004-08-21,03,16,27,39,40,03
1113,2004-08-18,31,33,35,40,42,40
1114,2004-08-14,04,10,11,18,43,41
1115,2004-08-11,05,10,29,33,51,35
1116,2004-08-07,08,09,16,34,48,08
1117,2004-08-04,11,22,26,37,51,21
1118,2004-07-31,14,31,35,45,47,35
1119,2004-07-28,04,19,39,40,50,22
1120,2004-07-24,02,03,13,29,52,25
1121,2004-07-21,03,31,38,42,46,02
1122,2004-07-17,20,23,36,45,50,09
1123,2004-07-14,09,24,45,49,50,37
1124,2004-07-10,16,17,23,26,44,13
1125,2004-07-07,18,25,30,34,41,10
1126,2004-07-03,03,08,12,30,47,23
1127,2004-06-30,02,29,31,45,47,04
1128,2004-06-26,09,17,32,41,47,08
1129,2004-06-23,09,12,16,20,39,01
1130,2004-06-19,02,09,36,37,48,16
1131,2004-06-16,16,18,26,39,48,22
1132,2004-06-12,06,20,43,48,52,28
1133,2004-06-09,01,31,33,37,50,40
1134,2004-06-05,05,26,39,41,42,39
1135,2004-06-02,05,06,12,26,29,30
1136,2004-05-29,01,16,30,32,39,02
1137,2004-05-26,03,10,31,35,38,16
1138,2004-05-22,01,07,36,42,49,41
1139,2004-05-19,14,15,31,37,41,31
1140,2004-05-15,01,26,27,43,46,31
1141,2004-05-12,11,31,35,42,45,35
1142,2004-05-08,03,09,17,37,43,39
1143,2004-05-05,09,16,21,25,32,08
1144,2004-05-01,01,10,34,39,47,33
1145,2004-04-28,27,34,42,49,52,23
1146,2004-04-24,02,13,22,35,44,28
1147,2004-04-21,08,11,34,42,51,27
1148,2004-04-17,04,29,34,41,42,11
1149,2004-04-14,01,06,20,22,38,22
1150,2004-04-10,02,09,30,47,48,40
1151,2004-04-07,02,07,16,35,37,10
1152,2004-04-03,06,07,26,32,43,13
1153,2004-03-31,15,31,34,39,50,35
1154,2004-03-27,02,15,17,30,34,32
1155,2004-03-24,18,20,39,43,47,31
1156,2004-03-20,02,14,24,27,44,06
1157,2004-03-17,07,15,20,24,43,05
1158,2004-03-13,11,44,45,48,50,02
1159,2004-03-10,10,20,22,41,49,06
1160,2004-03-06,09,17,46,49,51,09
1161,2004-03-03,05,11,17,23,53,34
1162,2004-02-28,06,25,26,52,53,40
1163,2004-02-25,04,05,11,17,47,35
1164,2004-02-21,15,22,26,48,53,14
1165,2004-02-18,04,24,36,44,50,02
1166,2004-02-14,10,24,25,35,43,32
1167,2004-02-11,05,16,28,50,52,04
1168,2004-02-07,31,34,35,39,46,03
1169,2004-02-04,07,12,17,25,32,33
1170,2004-01-31,03,06,27,37,41,38
1171,2004-01-28,08,13,17,39,48,34
1172,2004-01-24,01,05,37,38,53,31
1173,2004-01-21,13,17,34,41,45,17
1174,2004-01-17,08,09,32,45,48,15
1175,2004-01-14,12,33,40,44,50,40
1176,2004-01-10,02,13,19,27,50,05
1177,2004-01-07,04,07,14,18,44,25
1178,2004-01-03,04,05,22,41,42,02
1179,2003-12-31,05,07,18,28,35,01
1180,2003-12-27,16,17,32,34,43,31
1181,2003-12-24,01,06,31,34,44,25
1182,2003-12-20,12,20,24,25,48,37
1183,2003-12-17,15,18,19,21,43,07
1184,2003-12-13,17,19,25,26,44,19
1185,2003-12-10,04,17,26,37,40,15
1186,2003-12-06,21,24,37,41,45,39
1187,2003-12-03,01,10,35,37,43,30
1188,2003-11-29,14,36,39,43,51,15
1189,2003-11-26,01,03,16,37,41,19
1190,2003-11-22,09,12,17,29,45,04
1191,2003-11-19,16,26,36,42,47,33
1192,2003-11-15,08,20,22,32,52,39
1193,2003-11-12,07,11,19,20,22,01
1194,2003-11-08,05,08,24,38,52,22
1195,2003-11-05,06,20,27,38,39,31
1196,2003-11-01,16,19,34,37,47,18
1197,2003-10-29,08,19,22,34,53,29
1198,2003-10-25,06,17,45,47,48,04
1199,2003-10-22,03,25,27,28,53,35
1200,2003-10-18,22,25,33,34,35,14
1201,2003-10-15,06,09,29,39,52,08
1202,2003-10-11,11,14,21,32,45,21
1203,2003-10-08,01,06,07,08,25,18
1204,2003-10-04,08,13,29,44,48,36
1205,2003-10-01,04,05,19,21,50,41
1206,2003-09-27,09,20,30,41,48,29
1207,2003-09-24,17,19,20,28,47,37
1208,2003-09-20,11,13,28,31,33,29
1209,2003-09-17,02,19,24,32,34,02
1210,2003-09-13,06,10,19,28,32,39
1211,2003-09-10,03,17,29,30,33,34
1212,2003-09-06,06,15,18,20,41,17
1213,2003-09-03,06,09,19,24,40,31
1214,2003-08-30,09,35,36,41,49,33
1215,2003-08-27,24,31,36,42,46,32
1216,2003-08-23,01,39,46,50,51,07
1217,2003-08-20,08,22,35,46,48,15
1218,2003-08-16,13,15,20,37,42,07
1219,2003-08-13,26,31,35,44,48,32
1220,2003-08-09,18,23,25,26,40,15
1221,2003-08-06,11,14,26,31,48,30
1222,2003-08-02,17,40,41,42,46,25
1223,2003-07-30,18,22,26,31,49,28
1224,2003-07-26,09,10,30,32,34,11
1225,2003-07-23,04,16,34,37,51,38
1226,2003-07-19,14,29,30,34,48,01
1227,2003-07-16,18,27,28,30,49,20
1228,2003-07-12,06,16,50,51,52,23
1229,2003-07-09,19,21,26,31,51,40
1230,2003-07-05,05,17,25,37,49,21
1231,2003-07-02,16,17,24,26,45,36
1232,2003-06-28,07,09,14,41,44,25
1233,2003-06-25,05,26,35,43,50,04
1234,2003-06-21,15,19,27,36,44,17
1235,2003-06-18,19,20,21,45,46,20
1236,2003-06-14,12,26,40,42,50,03
1237,2003-06-11,12,16,43,44,46,38
1238,2003-06-07,11,17,26,27,40,06
1239,2003-06-04,02,14,24,26,53,01
1240,2003-05-31,10,26,30,46,52,35
1241,2003-05-28,06,16,17,19,38,16
1242,2003-05-24,10,42,48,49,50,42
1243,2003-05-21,04,30,32,35,41,09
1244,2003-05-17,05,13,18,42,50,04
1245,2003-05-14,20,33,34,45,52,21
1246,2003-05-10,01,02,06,10,20,38
1247,2003-05-07,13,18,34,35,51,28
1248,2003-05-03,14,21,39,40,47,06
1249,2003-04-30,07,13,17,32,33,35
1250,2003-04-26,05,11,13,22,36,31
1251,2003-04-23,14,15,23,31,51,34
1252,2003-04-19,10,18,40,46,48,30
1253,2003-04-16,04,25,39,41,50,31
1254,2003-04-12,17,27,28,35,52,02
1255,2003-04-09,06,28,35,38,51,41
1256,2003-04-05,07,14,23,46,49,20
1257,2003-04-02,12,17,35,47,50,13
1258,2003-03-29,02,09,17,25,36,08
1259,2003-03-26,10,28,31,40,52,41
1260,2003-03-22,05,29,31,47,49,25
1261,2003-03-19,19,37,40,47,51,40
1262,2003-03-15,12,30,41,45,52,35
1263,2003-03-12,05,24,25,44,52,20
1264,2003-03-08,01,05,20,21,45,24
1265,2003-03-05,02,24,28,37,44,06
1266,2003-03-01,06,07,27,28,41,03
1267,2003-02-26,10,23,27,31,34,11
1268,2003-02-22,02,05,06,09,10,26
1269,2003-02-19,06,11,16,17,44,26
1270,2003-02-15,01,26,29,38,42,30
1271,2003-02-12,07,12,19,47,49,06
1272,2003-02-08,02,13,20,21,23,35
1273,2003-02-05,02,05,07,09,48,32
1274,2003-02-01,02,11,16,21,39,42
1275,2003-01-29,10,12,27,30,53,28
1276,2003-01-25,10,12,15,49,51,21
1277,2003-01-22,20,28,30,40,43,03
1278,2003-01-18,04,17,34,48,52,10
1279,2003-01-15,04,17,30,42,44,15
1280,2003-01-11,09,45,46,48,51,02
1281,2003-01-08,16,22,26,44,46,20
1282,2003-01-04,01,11,37,39,40,23
1283,2003-01-01,18,34,42,43,53,17
1284,2002-12-28,02,15,38,43,50,29
1285,2002-12-25,05,14,16,29,53,07
1286,2002-12-21,05,22,34,39,52,30
1287,2002-12-18,02,14,33,50,52,22
1288,2002-12-14,08,17,24,42,44,37
1289,2002-12-11,06,12,14,22,33,21
1290,2002-12-07,03,17,27,32,48,01
1291,2002-12-04,13,20,21,35,40,35
1292,2002-11-30,01,04,19,21,29,08
1293,2002-11-27,01,20,25,40,53,19
1294,2002-11-23,15,16,19,21,49,05
1295,2002-11-20,14,21,22,29,44,03
1296,2002-11-16,32,33,35,40,51,01
1297,2002-11-13,18,23,31,38,50,20
1298,2002-11-09,30,36,38,40,53,08
1299,2002-11-06,09,11,12,17,19,23
1300,2002-11-02,08,15,32,34,35,34
1301,2002-10-30,09,16,19,23,41,12
1302,2002-10-26,12,14,27,33,39,41
1303,2002-10-23,02,14,18,30,31,36
1304,2002-10-19,04,18,20,25,42,29
1305,2002-10-16,08,11,24,31,37,41
1306,2002-10-12,23,26,46,49,52,28
1307,2002-10-09,09,10,38,42,43,05
1308,2002-10-05,14,19,22,39,43,12
1309,2002-10-02,02,04,05,38,43,34
1310,2002-09-28,12,22,24,31,35,08
1311,2002-09-25,01,12,23,36,49,09
1312,2002-09-21,03,11,28,40,45,33
1313,2002-09-18,06,27,32,42,44,10
1314,2002-09-14,05,14,26,31,40,29
1315,2002-09-11,03,06,26,39,48,28
1316,2002-09-07,06,12,19,24,34,18
1317,2002-09-04,15,18,26,31,36,20
1318,2002-08-31,12,14,22,29,41,41
1319,2002-08-28,24,30,36,37,38,42
1320,2002-08-24,05,10,18,24,45,20
1321,2002-08-21,01,06,43,47,48,36
1322,2002-08-17,03,26,33,42,46,41
1323,2002-08-14,04,16,19,33,41,29
1324,2002-08-10,11,16,21,27,35,31
1325,2002-08-07,13,35,40,46,47,35
1326,2002-08-03,13,19,24,33,34,41
1327,2002-07-31,02,04,06,22,34,26
1328,2002-07-27,02,05,17,22,44,30
1329,2002-07-24,16,19,22,34,37,20
1330,2002-07-20,02,03,06,13,26,10
1331,2002-07-17,10,11,25,40,45,25
1332,2002-07-13,03,22,37,42,49,08
1333,2002-07-10,26,31,37,43,45,32
1334,2002-07-06,02,09,27,36,39,13
1335,2002-07-03,07,19,38,48,49,10
1336,2002-06-29,04,33,35,36,45,22
1337,2002-06-26,06,09,17,23,24,14
1338,2002-06-22,01,16,26,37,48,09
1339,2002-06-19,01,03,04,07,11,23
1340,2002-06-15,07,08,16,42,43,15
1341,2002-06-12,13,18,27,39,49,20
1342,2002-06-08,26,37,42,46,48,38
1343,2002-06-05,01,18,21,36,47,33
1344,2002-06-01,02,06,17,19,27,02
1345,2002-05-29,18,28,31,35,49,13
1346,2002-05-25,09,29,30,33,42,27
1347,2002-05-22,05,20,22,23,34,19
1348,2002-05-18,02,18,25,31,32,01
1349,2002-05-15,30,33,36,37,49,35
1350,2002-05-11,03,15,16,36,40,22
1351,2002-05-08,06,11,25,28,34,35
1352,2002-05-04,06,07,09,12,20,20
1353,2002-05-01,03,26,32,45,48,06
1354,2002-04-27,01,09,12,18,33,14
1355,2002-04-24,01,13,16,33,43,01
1356,2002-04-20,27,34,40,42,44,08
1357,2002-04-17,02,03,22,23,36,22
1358,2002-04-13,16,22,32,33,38,13
1359,2002-04-10,07,12,17,29,48,21
1360,2002-04-06,15,16,22,30,35,20
1361,2002-04-03,08,14,17,29,36,03
1362,2002-03-30,08,13,16,19,29,37
1363,2002-03-27,15,35,40,43,46,33
1364,2002-03-23,01,02,10,39,48,13
1365,2002-03-20,04,20,25,30,49,37
1366,2002-03-16,10,16,37,38,45,14
1367,2002-03-13,04,27,28,33,49,39
1368,2002-03-09,02,12,38,44,49,19
1369,2002-03-06,05,07,15,30,38,02
1370,2002-03-02,06,22,25,36,46,34
1371,2002-02-27,01,02,06,19,45,27
1372,2002-02-23,08,15,19,21,38,33
1373,2002-02-20,08,09,19,22,25,11
1374,2002-02-16,19,31,32,42,45,06
1375,2002-02-13,02,10,33,38,43,19
1376,2002-02-09,17,21,30,35,36,12
1377,2002-02-06,10,24,28,34,35,32
1378,2002-02-02,12,19,27,43,45,28
1379,2002-01-30,07,09,15,21,40,18
1380,2002-01-26,05,14,15,22,30,31
1381,2002-01-23,14,18,30,32,47,36
1382,2002-01-19,21,23,35,41,49,05
1383,2002-01-16,24,31,34,40,47,30
1384,2002-01-12,13,19,22,41,47,05
1385,2002-01-09,07,39,40,42,43,04
1386,2002-01-05,07,08,14,17,32,15
1387,2002-01-02,23,36,42,44,46,33
1388,2001-12-29,10,15,27,43,45,31
1389,2001-12-26,08,19,23,39,41,21
1390,2001-12-22,14,24,27,33,34,06
1391,2001-12-19,20,26,35,36,43,23
1392,2001-12-15,08,11,13,22,37,17
1393,2001-12-12,04,20,35,43,47,27
1394,2001-12-08,17,26,31,35,48,35
1395,2001-12-05,08,09,13,14,21,37
1396,2001-12-01,06,38,41,46,48,37
1397,2001-11-28,05,15,18,24,48,16
1398,2001-11-24,10,12,27,37,42,30
1399,2001-11-21,27,28,31,38,41,13
1400,2001-11-17,01,07,10,27,35,34
1401,2001-11-14,04,17,28,30,40,03
1402,2001-11-10,07,13,16,33,38,13
1403,2001-11-07,02,04,06,17,25,31
1404,2001-11-03,06,14,36,37,49,20
1405,2001-10-31,02,16,18,35,40,41
1406,2001-10-27,01,10,17,28,45,20
1407,2001-10-24,06,15,24,27,42,32
1408,2001-10-20,07,16,33,40,47,33
1409,2001-10-17,05,07,29,40,46,05
1410,2001-10-13,37,40,41,46,48,20
1411,2001-10-10,01,07,08,16,19,37
1412,2001-10-06,01,05,09,21,31,12
1413,2001-10-03,02,20,23,35,49,25
1414,2001-09-29,02,15,21,29,47,12
1415,2001-09-26,18,26,30,35,44,19
1416,2001-09-22,23,27,34,39,42,40
1417,2001-09-19,21,26,28,31,41,29
1418,2001-09-15,19,28,33,43,49,23
1419,2001-09-12,13,25,35,39,47,01
1420,2001-09-08,06,12,13,28,48,26
1421,2001-09-05,14,18,24,33,42,08
1422,2001-09-01,07,24,27,30,44,29
1423,2001-08-29,04,09,32,35,49,28
1424,2001-08-25,08,17,22,42,47,21
1425,2001-08-22,02,28,30,36,39,10
1426,2001-08-18,03,14,20,22,48,17
1427,2001-08-15,29,37,40,43,44,06
1428,2001-08-11,11,14,20,25,41,08
1429,2001-08-08,02,10,25,37,41,02
1430,2001-08-04,16,20,24,26,46,09
1431,2001-08-01,24,25,26,34,39,31
1432,2001-07-28,04,23,33,36,45,29
1433,2001-07-25,16,23,29,37,39,17
1434,2001-07-21,03,15,19,20,27,20
1435,2001-07-18,04,09,26,31,49,02
1436,2001-07-14,01,13,15,27,41,02
1437,2001-07-11,10,16,18,24,26,13
1438,2001-07-07,03,09,22,34,46,17
1439,2001-07-04,03,25,26,28,30,10
1440,2001-06-30,03,06,33,34,39,15
1441,2001-06-27,03,07,13,16,35,22
1442,2001-06-23,06,35,38,40,42,36
1443,2001-06-20,05,09,14,18,49,32
1444,2001-06-16,02,13,17,44,45,14
1445,2001-06-13,09,32,34,36,41,14
1446,2001-06-09,20,23,37,42,43,27
1447,2001-06-06,10,20,21,40,45,22
1448,2001-06-02,10,17,26,45,48,38
1449,2001-05-30,11,12,28,36,43,09
1450,2001-05-26,09,10,21,24,40,36
1451,2001-05-23,19,21,32,34,49,38
1452,2001-05-19,06,10,21,47,49,02
1453,2001-05-16,12,13,20,28,44,17
1454,2001-05-12,11,16,28,29,36,21
1455,2001-05-09,09,14,19,22,49,34
1456,2001-05-05,07,09,19,20,45,05
1457,2001-05-02,02,19,30,36,42,19
1458,2001-04-28,01,11,20,34,39,37
1459,2001-04-25,14,26,28,29,39,39
1460,2001-04-21,05,24,25,30,38,40
1461,2001-04-18,06,11,18,20,44,39
1462,2001-04-14,03,08,16,29,30,04
1463,2001-04-11,04,21,32,39,41,31
1464,2001-04-07,18,20,31,37,41,01
1465,2001-04-04,05,12,13,16,43,11
1466,2001-03-31,11,27,37,39,41,42
1467,2001-03-28,04,12,27,31,43,20
1468,2001-03-24,02,28,37,40,49,22
1469,2001-03-21,13,14,18,20,21,16
1470,2001-03-17,15,16,18,20,36,18
1471,2001-03-14,12,22,27,42,49,34
1472,2001-03-10,12,19,26,30,33,11
1473,2001-03-07,09,23,32,40,45,31
1474,2001-03-03,08,09,23,36,44,15
1475,2001-02-28,01,03,09,46,47,22
1476,2001-02-24,29,30,34,41,49,37
1477,2001-02-21,04,10,32,39,45,25
1478,2001-02-17,04,22,31,39,41,06
1479,2001-02-14,05,18,29,41,42,16
1480,2001-02-10,16,38,41,46,47,25
1481,2001-02-07,04,06,07,31,33,20
1482,2001-02-03,21,27,29,41,44,09
1483,2001-01-31,15,21,27,37,47,16
1484,2001-01-27,08,19,32,41,45,37
1485,2001-01-24,31,34,39,42,49,26
1486,2001-01-20,01,11,25,29,36,40
1487,2001-01-17,09,16,28,31,48,36
1488,2001-01-13,14,19,23,29,42,26
1489,2001-01-10,06,09,22,23,35,06
1490,2001-01-06,01,22,24,39,43,26
1491,2001-01-03,09,19,29,38,49,20
1492,2000-12-30,23,26,29,38,46,35
1493,2000-12-27,15,22,24,32,39,18
1494,2000-12-23,06,11,15,22,27,27
1495,2000-12-20,04,07,31,34,41,28
1496,2000-12-16,02,26,33,34,39,23
1497,2000-12-13,06,10,19,38,43,41
1498,2000-12-09,08,10,14,41,42,20
1499,2000-12-06,07,15,20,23,45,17
1500,2000-12-02,11,14,22,38,41,39
1501,2000-11-29,01,04,20,27,29,17
1502,2000-11-25,02,37,38,39,42,22
1503,2000-11-22,05,18,40,44,47,34
1504,2000-11-18,03,27,31,32,41,33
1505,2000-11-15,12,26,32,41,46,18
1506,2000-11-11,04,12,21,38,46,37
1507,2000-11-08,13,17,37,45,49,04
1508,2000-11-04,05,09,22,34,42,02
1509,2000-11-01,04,10,14,29,39,10
1510,2000-10-28,06,11,32,37,47,13
1511,2000-10-25,03,05,20,45,46,37
1512,2000-10-21,13,19,24,44,45,16
1513,2000-10-18,17,21,28,42,43,25
1514,2000-10-14,14,16,18,22,41,37
1515,2000-10-11,26,32,41,44,45,35
1516,2000-10-07,04,07,27,34,39,01
1517,2000-10-04,03,16,24,34,48,03
1518,2000-09-30,19,24,32,43,44,39
1519,2000-09-27,24,32,42,44,47,15
1520,2000-09-23,01,17,27,35,36,31
1521,2000-09-20,17,21,23,33,45,11
1522,2000-09-16,01,19,40,47,49,14
1523,2000-09-13,02,13,21,22,47,31
1524,2000-09-09,14,18,20,29,42,02
1525,2000-09-06,04,06,12,28,42,06
1526,2000-09-02,05,14,20,22,26,35
1527,2000-08-30,04,25,29,36,46,08
1528,2000-08-26,16,22,27,40,43,05
1529,2000-08-23,20,28,40,43,47,31
1530,2000-08-19,10,13,17,23,36,23
1531,2000-08-16,15,16,27,44,47,14
1532,2000-08-12,06,31,38,46,47,21
1533,2000-08-09,11,17,18,19,28,34
1534,2000-08-05,13,28,32,33,38,14
1535,2000-08-02,12,27,33,42,49,31
1536,2000-07-29,11,24,26,38,41,07
1537,2000-07-26,03,20,22,37,44,36
1538,2000-07-22,02,12,15,33,41,33
1539,2000-07-19,05,08,18,36,38,40
1540,2000-07-15,05,08,21,46,49,34
1541,2000-07-12,06,09,10,26,48,10
1542,2000-07-08,02,07,10,34,39,12
1543,2000-07-05,10,14,18,32,33,02
1544,2000-07-01,13,14,22,32,42,26
1545,2000-06-28,13,24,27,30,45,18
1546,2000-06-24,02,13,26,27,49,04
1547,2000-06-21,01,24,27,28,43,25
1548,2000-06-17,06,15,25,44,47,07
1549,2000-06-14,21,23,32,34,42,05
1550,2000-06-10,02,16,32,40,47,15
1551,2000-06-07,19,39,45,46,49,17
1552,2000-06-03,13,14,15,31,37,10
1553,2000-05-31,15,16,22,42,43,11
1554,2000-05-27,02,22,29,30,44,36
1555,2000-05-24,07,19,43,46,47,04
1556,2000-05-20,05,17,40,44,48,26
1557,2000-05-17,16,17,20,28,49,34
1558,2000-05-13,01,03,27,38,42,24
1559,2000-05-10,08,18,20,31,47,11
1560,2000-05-06,04,27,29,39,41,16
1561,2000-05-03,05,13,34,41,48,07
1562,2000-04-29,12,14,26,35,36,37
1563,2000-04-26,05,10,17,24,37,15
1564,2000-04-22,03,05,09,42,48,35
1565,2000-04-19,03,08,09,20,49,22
1566,2000-04-15,15,26,28,40,48,09
1567,2000-04-12,04,06,20,25,31,06
1568,2000-04-08,04,09,12,33,48,18
1569,2000-04-05,06,08,11,18,39,40
1570,2000-04-01,03,04,13,29,38,21
1571,2000-03-29,12,32,37,40,49,37
1572,2000-03-25,06,30,43,45,48,32
1573,2000-03-22,03,12,30,41,46,32
1574,2000-03-18,12,30,39,43,46,10
1575,2000-03-15,14,15,19,38,44,20
1576,2000-03-11,02,11,23,28,31,39
1577,2000-03-08,11,14,17,25,36,38
1578,2000-03-04,03,06,08,43,48,01
1579,2000-03-01,21,22,29,30,38,39
1580,2000-02-26,07,09,23,37,49,07
1581,2000-02-23,12,16,20,26,32,35
1582,2000-02-19,14,23,24,45,48,21
1583,2000-02-16,09,10,12,31,41,37
1584,2000-02-12,21,24,37,44,45,24
1585,2000-02-09,05,29,36,40,49,30
1586,2000-02-05,06,11,34,41,44,20
1587,2000-02-02,06,10,12,16,29,33
1588,2000-01-29,06,08,28,32,47,26
1589,2000-01-26,18,25,30,43,46,18
1590,2000-01-22,04,16,32,34,41,25
1591,2000-01-19,12,31,35,37,44,34
1592,2000-01-15,01,06,21,33,40,28
1593,2000-01-12,09,32,38,41,44,27
1594,2000-01-08,07,28,35,40,48,14
1595,2000-01-05,05,15,16,28,32,39
1596,2000-01-01,09,13,23,36,45,39
1597,1999-12-29,03,11,14,16,43,10
1598,1999-12-25,06,19,29,39,44,28
1599,1999-12-22,11,13,23,42,43,18
1600,1999-12-18,02,03,15,25,43,25
1601,1999-12-15,19,32,33,35,47,26
1602,1999-12-11,06,10,31,47,48,29
1603,1999-12-08,13,34,40,44,47,24
1604,1999-12-04,05,22,25,36,38,37
1605,1999-12-01,03,14,20,32,47,02
1606,1999-11-27,03,16,24,28,38,28
1607,1999-11-24,02,04,15,37,43,40
1608,1999-11-20,05,06,18,42,44,03
1609,1999-11-17,11,20,27,43,48,12
1610,1999-11-13,13,16,26,32,34,24
1611,1999-11-10,13,19,31,40,43,36
1612,1999-11-06,05,08,12,25,40,28
1613,1999-11-03,01,03,07,08,26,07
1614,1999-10-30,10,26,33,37,41,21
1615,1999-10-27,17,20,24,31,39,21
1616,1999-10-23,12,15,27,32,37,11
1617,1999-10-20,02,16,19,20,29,13
1618,1999-10-16,05,12,18,22,40,21
1619,1999-10-13,15,23,38,43,44,38
1620,1999-10-09,08,20,27,39,43,01
1621,1999-10-06,06,07,15,38,42,42
1622,1999-10-02,12,15,25,35,48,30
1623,1999-09-29,11,22,29,41,46,42
1624,1999-09-25,15,32,33,36,41,07
1625,1999-09-22,08,33,35,38,47,08
1626,1999-09-18,02,08,26,34,46,30
1627,1999-09-15,01,12,37,42,48,31
1628,1999-09-11,04,32,33,37,42,25
1629,1999-09-08,08,15,22,39,43,22
1630,1999-09-04,14,22,23,26,34,29
1631,1999-09-01,09,32,36,37,39,14
1632,1999-08-28,14,18,25,38,39,07
1633,1999-08-25,11,13,21,34,45,30
1634,1999-08-21,02,17,28,42,45,20
1635,1999-08-18,05,08,09,26,41,19
1636,1999-08-14,01,05,06,39,45,14
1637,1999-08-11,05,07,10,12,43,07
1638,1999-08-07,01,42,44,45,49,01
1639,1999-08-04,04,18,24,33,35,34
1640,1999-07-31,18,26,43,45,46,29
1641,1999-07-28,22,23,25,31,32,25
1642,1999-07-24,04,23,33,45,47,33
1643,1999-07-21,04,13,26,29,31,03
1644,1999-07-17,30,36,37,40,48,28
1645,1999-07-14,01,06,25,29,32,09
1646,1999-07-10,07,17,35,37,44,30
1647,1999-07-07,03,06,17,37,41,08
1648,1999-07-03,01,07,08,21,37,02
1649,1999-06-30,05,10,12,20,40,03
1650,1999-06-26,08,15,22,38,47,26
1651,1999-06-23,12,15,17,23,49,07
1652,1999-06-19,02,23,27,38,46,26
1653,1999-06-16,02,04,08,14,38,01
1654,1999-06-12,17,26,28,35,45,20
1655,1999-06-09,07,32,35,38,48,17
1656,1999-06-05,02,08,16,37,49,11
1657,1999-06-02,04,20,24,46,48,32
1658,1999-05-29,05,35,36,43,45,19
1659,1999-05-26,26,29,34,36,37,24
1660,1999-05-22,06,15,18,36,43,11
1661,1999-05-19,04,09,24,35,41,31
1662,1999-05-15,04,24,27,30,38,14
1663,1999-05-12,04,05,12,38,40,28
1664,1999-05-08,25,28,30,34,47,14
1665,1999-05-05,07,09,26,31,40,24
1666,1999-05-01,07,09,20,26,27,18
1667,1999-04-28,05,07,12,18,42,14
1668,1999-04-24,01,03,35,45,48,18
1669,1999-04-21,03,11,32,41,45,29
1670,1999-04-17,15,18,25,40,43,37
1671,1999-04-14,10,12,19,25,40,33
1672,1999-04-10,03,24,34,42,45,01
1673,1999-04-07,05,26,31,37,39,42
1674,1999-04-03,01,04,10,17,30,06
1675,1999-03-31,03,15,16,28,39,01
1676,1999-03-27,05,12,13,45,48,35
1677,1999-03-24,07,19,20,26,27,12
1678,1999-03-20,04,20,22,40,41,07
1679,1999-03-17,09,15,31,37,40,09
1680,1999-03-13,08,11,42,44,49,39
1681,1999-03-10,01,14,26,34,49,15
1682,1999-03-06,13,19,20,25,42,13
1683,1999-03-03,01,08,12,42,44,13
1684,1999-02-27,13,20,30,32,46,36
1685,1999-02-24,08,15,29,40,46,23
1686,1999-02-20,06,15,16,24,39,12
1687,1999-02-17,10,21,22,25,36,39
1688,1999-02-13,04,09,18,27,35,11
1689,1999-02-10,10,20,27,31,42,26
1690,1999-02-06,15,25,32,39,48,32
1691,1999-02-03,20,26,30,39,42,32
1692,1999-01-30,19,24,25,40,45,05
1693,1999-01-27,02,04,20,23,44,22
1694,1999-01-23,03,19,26,30,49,31
1695,1999-01-20,02,12,19,40,48,27
1696,1999-01-16,02,15,20,28,40,15
1697,1999-01-13,15,31,33,43,47,06
1698,1999-01-09,05,10,11,27,32,13
1699,1999-01-06,02,09,13,16,44,36
1700,1999-01-02,04,17,23,26,39,27
1701,1998-12-30,10,20,34,38,46,03
1702,1998-12-26,07,17,27,29,41,33
1703,1998-12-23,29,31,39,45,46,33
1704,1998-12-19,03,05,15,17,45,06
1705,1998-12-16,03,08,19,27,32,38
1706,1998-12-12,12,16,26,29,40,32
1707,1998-12-09,12,33,40,43,48,16
1708,1998-12-05,09,19,20,27,31,39
1709,1998-12-02,04,22,29,36,45,30
1710,1998-11-28,02,04,06,11,43,09
1711,1998-11-25,06,10,13,33,48,09
1712,1998-11-21,01,14,15,21,35,10
1713,1998-11-18,21,25,33,39,46,18
1714,1998-11-14,03,10,16,35,41,38
1715,1998-11-11,10,14,25,36,48,02
1716,1998-11-07,05,10,13,30,33,28
1717,1998-11-04,02,08,17,30,36,22
1718,1998-10-31,17,33,34,37,42,08
1719,1998-10-28,08,09,24,35,44,42
1720,1998-10-24,10,12,17,25,40,20
1721,1998-10-21,22,24,27,39,44,25
1722,1998-10-17,28,32,44,47,48,27
1723,1998-10-14,14,15,18,26,32,06
1724,1998-10-10,01,08,19,28,45,25
1725,1998-10-07,06,08,09,15,26,07
1726,1998-10-03,05,14,22,25,32,04
1727,1998-09-30,02,03,08,12,36,24
1728,1998-09-26,02,03,05,24,25,08
1729,1998-09-23,01,05,21,22,42,18
1730,1998-09-19,01,19,35,37,41,11
1731,1998-09-16,06,24,35,40,42,02
1732,1998-09-12,16,19,28,33,35,16
1733,1998-09-09,04,12,19,42,46,09
1734,1998-09-05,08,10,16,26,49,40
1735,1998-09-02,21,28,29,40,44,08
1736,1998-08-29,13,14,18,29,31,23
1737,1998-08-26,06,23,32,42,46,08
1738,1998-08-22,07,11,21,22,49,19
1739,1998-08-19,08,15,23,43,46,29
1740,1998-08-15,12,27,30,37,49,20
1741,1998-08-12,02,10,33,42,45,02
1742,1998-08-08,05,09,33,42,45,28
1743,1998-08-05,03,12,19,35,42,21
1744,1998-08-01,01,04,20,25,44,05
1745,1998-07-29,08,39,43,45,49,13
1746,1998-07-25,03,14,17,21,23,16
1747,1998-07-22,01,22,23,30,49,33
1748,1998-07-18,08,10,14,33,40,31
1749,1998-07-15,11,16,21,23,36,37
1750,1998-07-11,01,06,10,12,38,17
1751,1998-07-08,05,16,19,29,34,24
1752,1998-07-04,15,25,30,38,39,42
1753,1998-07-01,03,17,29,35,47,34
1754,1998-06-27,07,10,30,31,36,37
1755,1998-06-24,13,16,18,27,30,23
1756,1998-06-20,09,26,27,31,49,04
1757,1998-06-17,07,14,35,36,37,10
1758,1998-06-13,03,06,08,21,23,11
1759,1998-06-10,04,12,19,36,38,06
1760,1998-06-06,16,24,26,28,42,24
1761,1998-06-03,22,25,31,35,41,38
1762,1998-05-30,03,14,24,29,45,24
1763,1998-05-27,02,15,27,33,46,27
1764,1998-05-23,01,15,16,35,46,35
1765,1998-05-20,04,09,30,34,48,08
1766,1998-05-16,01,22,23,28,41,18
1767,1998-05-13,02,13,18,30,36,26
1768,1998-05-09,08,26,29,34,49,28
1769,1998-05-06,11,20,44,45,47,05
1770,1998-05-02,03,14,19,37,49,04
1771,1998-04-29,08,25,30,46,47,31
1772,1998-04-25,05,07,20,35,38,19
1773,1998-04-22,04,13,29,31,49,04
1774,1998-04-18,19,22,24,30,45,21
1775,1998-04-15,08,24,25,39,41,21
1776,1998-04-11,05,15,36,48,49,11
1777,1998-04-08,03,10,24,30,49,35
1778,1998-04-04,03,08,23,43,46,13
1779,1998-04-01,11,12,33,34,47,39
1780,1998-03-28,27,30,33,38,44,15
1781,1998-03-25,05,23,35,42,44,29
1782,1998-03-21,04,34,35,38,47,16
1783,1998-03-18,02,04,33,39,41,26
1784,1998-03-14,15,34,35,42,47,15
1785,1998-03-11,02,05,17,24,36,20
1786,1998-03-07,21,30,32,36,42,33
1787,1998-03-04,03,19,30,33,39,09
1788,1998-02-28,04,26,41,45,49,06
1789,1998-02-25,02,20,30,43,46,19
1790,1998-02-21,09,22,29,39,47,25
1791,1998-02-18,01,21,28,29,33,15
1792,1998-02-14,05,07,23,39,41,06
1793,1998-02-11,25,33,34,35,37,35
1794,1998-02-07,05,12,15,27,40,14
1795,1998-02-04,08,12,21,25,30,20
1796,1998-01-31,07,11,13,36,48,18
1797,1998-01-28,15,23,31,36,48,12
1798,1998-01-24,07,15,23,28,36,10
1799,1998-01-21,01,23,26,31,32,33
1800,1998-01-17,09,28,29,38,49,06
1801,1998-01-14,06,09,16,28,38,13
1802,1998-01-10,07,09,17,20,44,25
1803,1998-01-07,03,04,18,30,37,23
1804,1998-01-03,04,07,09,27,32,06
1805,1997-12-31,04,05,06,14,27,06
1806,1997-12-27,09,14,15,36,48,17
1807,1997-12-24,03,16,28,34,35,14
1808,1997-12-20,10,11,12,17,23,07
1809,1997-12-17,03,05,13,18,45,20
1810,1997-12-13,05,35,41,44,46,27
1811,1997-12-10,04,18,21,28,41,03
1812,1997-12-06,08,15,26,28,43,36
1813,1997-12-03,09,14,18,42,47,32
1814,1997-11-29,02,11,13,27,31,23
1815,1997-11-26,15,23,34,40,46,35
1816,1997-11-22,03,07,14,22,31,02
1817,1997-11-19,03,10,19,21,48,22
1818,1997-11-15,07,21,26,32,45,08
1819,1997-11-12,13,14,16,29,41,01
1820,1997-11-08,07,17,21,40,49,37
1821,1997-11-05,02,19,24,28,35,26
1822,1997-11-01,22,25,28,33,37,20
